{"cameraMode":{"drawMode":0,"name":"Shaded","section":"Shading Mode"},"sceneLighting":false,"audioPlay":false,"sceneViewState":{"showFog":true,"showMaterialUpdate":false,"showSkybox":true,"showFlares":true,"showImageEffects":true,"showParticleSystems":true},"in2DMode":false,"pivot":{"x":1.7616784572601319,"y":1.4640834331512452,"z":17.334423065185548},"rotation":{"x":0.20597463846206666,"y":0.7606213688850403,"z":-0.2878916561603546,"w":0.5441948771476746},"size":6.270925045013428,"orthographic":false}