{"cameraMode":{"drawMode":0,"name":"Shaded","section":"Shading Mode"},"sceneLighting":false,"audioPlay":false,"sceneViewState":{"showFog":true,"showMaterialUpdate":false,"showSkybox":true,"showFlares":true,"showImageEffects":true,"showParticleSystems":true},"in2DMode":false,"pivot":{"x":0.18000000715255738,"y":0.36900001764297488,"z":-23.760000228881837},"rotation":{"x":0.20597463846206666,"y":0.7606213688850403,"z":-0.2878916561603546,"w":0.5441948771476746},"size":29.938961029052736,"orthographic":false}